<?xml version="1.0" encoding="UTF-8"?>
<metadata xml:lang="en"><Esri><CreaDate>20240728</CreaDate><CreaTime>12244800</CreaTime><ArcGISFormat>1.0</ArcGISFormat><SyncOnce>TRUE</SyncOnce><DataProperties><itemProps><itemLocation><linkage Sync="TRUE">file://\\FJB38\Users\usuario\Documents\ArcGIS\ESP_adm\ESP_adm2</linkage><protocol Sync="TRUE">Local Area Network</protocol></itemLocation></itemProps><copyHistory><copy source="C:\Users\usuario\Documents\ArcGIS_Workshop\Data\Shapefiles\ESP_adm2" dest="\\FJB38\Users\usuario\Documents\ArcGIS\ESP_adm\ESP_adm2" date="20170309" time="14480500"></copy></copyHistory><lineage><Process ToolSource="c:\program files (x86)\arcgis\desktop10.8\ArcToolbox\Toolboxes\Data Management Tools.tbx\DeleteField" Date="20240728" Time="123446">DeleteField ESP_adm2 ID_0;ISO;ID_1;ID_2;VARNAME_2;NL_NAME_2;HASC_2;TYPE_2;ENGTYPE_2;VALIDFR_2;VALIDTO_2;REMARKS_2</Process></lineage></DataProperties></Esri></metadata>
